{"neg_sent":0.1683977516,"pos_sent":0.4775289774,"week(T)":1,"pandemic(D)":0,"n":19361}
{"neg_sent":0.1565481814,"pos_sent":0.4953947187,"week(T)":2,"pandemic(D)":0,"n":21597}
{"neg_sent":0.1546620165,"pos_sent":0.5131056434,"week(T)":3,"pandemic(D)":0,"n":20368}
{"neg_sent":0.1520835653,"pos_sent":0.5066975888,"week(T)":4,"pandemic(D)":0,"n":22034}
{"neg_sent":0.1527213275,"pos_sent":0.5105293352,"week(T)":5,"pandemic(D)":0,"n":21875}
{"neg_sent":0.167480705,"pos_sent":0.4848048518,"week(T)":6,"pandemic(D)":0,"n":18363}
{"neg_sent":0.1562037321,"pos_sent":0.4924475768,"week(T)":7,"pandemic(D)":0,"n":19717}
{"neg_sent":0.1558144433,"pos_sent":0.5062273595,"week(T)":8,"pandemic(D)":0,"n":21607}
{"neg_sent":0.1563182397,"pos_sent":0.5057688164,"week(T)":9,"pandemic(D)":0,"n":20843}
{"neg_sent":0.1538976537,"pos_sent":0.5111112878,"week(T)":10,"pandemic(D)":0,"n":21593}
{"neg_sent":0.1543590554,"pos_sent":0.5028162337,"week(T)":11,"pandemic(D)":0,"n":22020}
{"neg_sent":0.1677382578,"pos_sent":0.4857146295,"week(T)":12,"pandemic(D)":0,"n":20407}
{"neg_sent":0.1550012942,"pos_sent":0.507680397,"week(T)":13,"pandemic(D)":0,"n":22802}
{"neg_sent":0.1494386184,"pos_sent":0.5185426371,"week(T)":14,"pandemic(D)":0,"n":22085}
{"neg_sent":0.1536234321,"pos_sent":0.5144285774,"week(T)":15,"pandemic(D)":0,"n":22559}
{"neg_sent":0.1551574426,"pos_sent":0.5051280349,"week(T)":16,"pandemic(D)":0,"n":22912}
{"neg_sent":0.1556055262,"pos_sent":0.5025881428,"week(T)":17,"pandemic(D)":0,"n":21299}
{"neg_sent":0.152637103,"pos_sent":0.5072928244,"week(T)":18,"pandemic(D)":0,"n":22574}
{"neg_sent":0.1569898096,"pos_sent":0.5038867004,"week(T)":19,"pandemic(D)":0,"n":23004}
{"neg_sent":0.1740253181,"pos_sent":0.4763017388,"week(T)":20,"pandemic(D)":0,"n":20737}
{"neg_sent":0.1851986128,"pos_sent":0.4644546533,"week(T)":21,"pandemic(D)":0,"n":20998}
{"neg_sent":0.1779196864,"pos_sent":0.4734075968,"week(T)":22,"pandemic(D)":0,"n":21705}
{"neg_sent":0.1745556921,"pos_sent":0.480942021,"week(T)":23,"pandemic(D)":0,"n":20663}
{"neg_sent":0.1655755668,"pos_sent":0.4814549347,"week(T)":24,"pandemic(D)":0,"n":22276}
{"neg_sent":0.1646053624,"pos_sent":0.4888299745,"week(T)":25,"pandemic(D)":0,"n":22319}
{"neg_sent":0.1557728856,"pos_sent":0.5060721568,"week(T)":26,"pandemic(D)":0,"n":24089}
{"neg_sent":0.1598361386,"pos_sent":0.4974333633,"week(T)":27,"pandemic(D)":0,"n":23596}
{"neg_sent":0.156066989,"pos_sent":0.5029261602,"week(T)":28,"pandemic(D)":0,"n":24923}
{"neg_sent":0.1572875114,"pos_sent":0.5025442438,"week(T)":29,"pandemic(D)":0,"n":24133}
{"neg_sent":0.1641076145,"pos_sent":0.4907278412,"week(T)":30,"pandemic(D)":0,"n":22687}
{"neg_sent":0.1673390266,"pos_sent":0.4868196741,"week(T)":31,"pandemic(D)":0,"n":23717}
{"neg_sent":0.1605487746,"pos_sent":0.4960434225,"week(T)":32,"pandemic(D)":0,"n":25370}
{"neg_sent":0.1545646455,"pos_sent":0.5026240256,"week(T)":33,"pandemic(D)":0,"n":25441}
{"neg_sent":0.1616492519,"pos_sent":0.4974531973,"week(T)":34,"pandemic(D)":0,"n":23940}
{"neg_sent":0.1554019674,"pos_sent":0.5002117419,"week(T)":35,"pandemic(D)":0,"n":26993}
{"neg_sent":0.158583459,"pos_sent":0.5107879016,"week(T)":36,"pandemic(D)":0,"n":26471}
{"neg_sent":0.1667904958,"pos_sent":0.4955560019,"week(T)":37,"pandemic(D)":0,"n":26367}
{"neg_sent":0.1742178425,"pos_sent":0.4923235558,"week(T)":38,"pandemic(D)":0,"n":22354}
{"neg_sent":0.1695938846,"pos_sent":0.498051848,"week(T)":39,"pandemic(D)":0,"n":24241}
{"neg_sent":0.182331986,"pos_sent":0.4823780194,"week(T)":40,"pandemic(D)":0,"n":25314}
{"neg_sent":0.1758025748,"pos_sent":0.4906701255,"week(T)":41,"pandemic(D)":0,"n":23597}
{"neg_sent":0.1904771059,"pos_sent":0.4698931726,"week(T)":42,"pandemic(D)":0,"n":13695}
{"neg_sent":0.1820408442,"pos_sent":0.4880321074,"week(T)":43,"pandemic(D)":0,"n":18282}
{"neg_sent":0.1746780177,"pos_sent":0.4813484073,"week(T)":44,"pandemic(D)":0,"n":23660}
{"neg_sent":0.166393203,"pos_sent":0.4888387071,"week(T)":45,"pandemic(D)":0,"n":23913}
{"neg_sent":0.1728672126,"pos_sent":0.4775321582,"week(T)":46,"pandemic(D)":0,"n":24081}
{"neg_sent":0.1794618315,"pos_sent":0.4699777934,"week(T)":47,"pandemic(D)":0,"n":26024}
{"neg_sent":0.1784338976,"pos_sent":0.4730727356,"week(T)":48,"pandemic(D)":0,"n":26682}
{"neg_sent":0.1655774477,"pos_sent":0.4913380649,"week(T)":49,"pandemic(D)":0,"n":26788}
{"neg_sent":0.1703504141,"pos_sent":0.4890945625,"week(T)":50,"pandemic(D)":0,"n":27656}
{"neg_sent":0.1674011381,"pos_sent":0.4857575313,"week(T)":51,"pandemic(D)":0,"n":28566}
{"neg_sent":0.1842996951,"pos_sent":0.4658830233,"week(T)":52,"pandemic(D)":0,"n":30208}
{"neg_sent":0.2096583274,"pos_sent":0.4158965436,"week(T)":53,"pandemic(D)":1,"n":38908}
{"neg_sent":0.1910984305,"pos_sent":0.4522994199,"week(T)":54,"pandemic(D)":1,"n":50721}
{"neg_sent":0.1980080932,"pos_sent":0.4357104892,"week(T)":55,"pandemic(D)":1,"n":43982}
{"neg_sent":0.1897629725,"pos_sent":0.4521060787,"week(T)":56,"pandemic(D)":1,"n":40528}
{"neg_sent":0.1891593908,"pos_sent":0.4527512699,"week(T)":57,"pandemic(D)":1,"n":35927}
{"neg_sent":0.1929859864,"pos_sent":0.4428276818,"week(T)":58,"pandemic(D)":1,"n":35924}
{"neg_sent":0.1874991459,"pos_sent":0.4580623286,"week(T)":59,"pandemic(D)":1,"n":38471}
{"neg_sent":0.1774917094,"pos_sent":0.4695390849,"week(T)":60,"pandemic(D)":1,"n":37813}
{"neg_sent":0.1866931755,"pos_sent":0.4620774464,"week(T)":61,"pandemic(D)":1,"n":37764}
{"neg_sent":0.1854626374,"pos_sent":0.4556971227,"week(T)":62,"pandemic(D)":1,"n":36272}
{"neg_sent":0.1844949399,"pos_sent":0.4617693183,"week(T)":63,"pandemic(D)":1,"n":37539}
{"neg_sent":0.2250386567,"pos_sent":0.4163477502,"week(T)":64,"pandemic(D)":1,"n":37296}
{"neg_sent":0.2404631667,"pos_sent":0.3994541776,"week(T)":65,"pandemic(D)":1,"n":37686}
{"neg_sent":0.21225999,"pos_sent":0.4295635866,"week(T)":66,"pandemic(D)":1,"n":39477}
{"neg_sent":0.2006083173,"pos_sent":0.4509278468,"week(T)":67,"pandemic(D)":1,"n":41444}
{"neg_sent":0.2002352449,"pos_sent":0.4528723277,"week(T)":68,"pandemic(D)":1,"n":41191}
{"neg_sent":0.2001442274,"pos_sent":0.4574550142,"week(T)":69,"pandemic(D)":1,"n":41118}
{"neg_sent":0.2198050575,"pos_sent":0.4186210898,"week(T)":70,"pandemic(D)":1,"n":41687}
{"neg_sent":0.2022041562,"pos_sent":0.442847301,"week(T)":71,"pandemic(D)":1,"n":40138}
{"neg_sent":0.2068384029,"pos_sent":0.438433071,"week(T)":72,"pandemic(D)":1,"n":38825}
{"neg_sent":0.1979727459,"pos_sent":0.4519294668,"week(T)":73,"pandemic(D)":1,"n":39986}
{"neg_sent":0.1979142477,"pos_sent":0.4484675753,"week(T)":74,"pandemic(D)":1,"n":39851}
{"neg_sent":0.2135145217,"pos_sent":0.4301787587,"week(T)":75,"pandemic(D)":1,"n":41794}
{"neg_sent":0.2111033961,"pos_sent":0.4311010163,"week(T)":76,"pandemic(D)":1,"n":41676}
{"neg_sent":0.2185424681,"pos_sent":0.4312305358,"week(T)":77,"pandemic(D)":1,"n":41918}
{"neg_sent":0.200295286,"pos_sent":0.4521909825,"week(T)":78,"pandemic(D)":1,"n":42470}
{"neg_sent":0.214737723,"pos_sent":0.4289185812,"week(T)":79,"pandemic(D)":1,"n":42840}
{"neg_sent":0.2151074755,"pos_sent":0.4307915879,"week(T)":80,"pandemic(D)":1,"n":45904}
{"neg_sent":0.2169640928,"pos_sent":0.4355471184,"week(T)":81,"pandemic(D)":1,"n":45907}
{"neg_sent":0.230087131,"pos_sent":0.4131450679,"week(T)":82,"pandemic(D)":1,"n":50044}
{"neg_sent":0.2249721465,"pos_sent":0.421435089,"week(T)":83,"pandemic(D)":1,"n":50922}
{"neg_sent":0.2136016574,"pos_sent":0.427458216,"week(T)":84,"pandemic(D)":1,"n":48419}
{"neg_sent":0.2186702616,"pos_sent":0.4249713829,"week(T)":85,"pandemic(D)":1,"n":52037}
{"neg_sent":0.2188248405,"pos_sent":0.4283010111,"week(T)":86,"pandemic(D)":1,"n":52218}
{"neg_sent":0.2276254968,"pos_sent":0.4150860296,"week(T)":87,"pandemic(D)":1,"n":67529}
{"neg_sent":0.2148631268,"pos_sent":0.4283623982,"week(T)":88,"pandemic(D)":1,"n":55714}
{"neg_sent":0.2142427675,"pos_sent":0.4394307261,"week(T)":89,"pandemic(D)":1,"n":57067}
{"neg_sent":0.2051820763,"pos_sent":0.4452150663,"week(T)":90,"pandemic(D)":1,