{"neg_sent":0.1476210737,"pos_sent":0.544615613,"n":7886,"gender":1,"week_T":1,"pandemic_D":0}
{"neg_sent":0.1359918953,"pos_sent":0.5532253852,"n":9448,"gender":1,"week_T":2,"pandemic_D":0}
{"neg_sent":0.1381380008,"pos_sent":0.5697410295,"n":8737,"gender":1,"week_T":3,"pandemic_D":0}
{"neg_sent":0.1288062442,"pos_sent":0.5733717531,"n":9519,"gender":1,"week_T":4,"pandemic_D":0}
{"neg_sent":0.1253110164,"pos_sent":0.5893431555,"n":8993,"gender":1,"week_T":5,"pandemic_D":0}
{"neg_sent":0.1510156174,"pos_sent":0.5453181821,"n":7318,"gender":1,"week_T":6,"pandemic_D":0}
{"neg_sent":0.135472775,"pos_sent":0.5618612349,"n":8282,"gender":1,"week_T":7,"pandemic_D":0}
{"neg_sent":0.1316831302,"pos_sent":0.5768299015,"n":9292,"gender":1,"week_T":8,"pandemic_D":0}
{"neg_sent":0.1338593932,"pos_sent":0.5769265457,"n":8539,"gender":1,"week_T":9,"pandemic_D":0}
{"neg_sent":0.1365287684,"pos_sent":0.5805159679,"n":9231,"gender":1,"week_T":10,"pandemic_D":0}
{"neg_sent":0.1311425642,"pos_sent":0.5749598222,"n":9103,"gender":1,"week_T":11,"pandemic_D":0}
{"neg_sent":0.1453884989,"pos_sent":0.5524894788,"n":8282,"gender":1,"week_T":12,"pandemic_D":0}
{"neg_sent":0.1352366865,"pos_sent":0.5717115512,"n":9843,"gender":1,"week_T":13,"pandemic_D":0}
{"neg_sent":0.1290903531,"pos_sent":0.5848789368,"n":9071,"gender":1,"week_T":14,"pandemic_D":0}
{"neg_sent":0.1327985168,"pos_sent":0.5808746031,"n":9603,"gender":1,"week_T":15,"pandemic_D":0}
{"neg_sent":0.1300875214,"pos_sent":0.5748950354,"n":9500,"gender":1,"week_T":16,"pandemic_D":0}
{"neg_sent":0.1325241184,"pos_sent":0.5656454889,"n":8690,"gender":1,"week_T":17,"pandemic_D":0}
{"neg_sent":0.1263375698,"pos_sent":0.578053146,"n":9370,"gender":1,"week_T":18,"pandemic_D":0}
{"neg_sent":0.1342291435,"pos_sent":0.5798749056,"n":9404,"gender":1,"week_T":19,"pandemic_D":0}
{"neg_sent":0.1474611842,"pos_sent":0.554217506,"n":7930,"gender":1,"week_T":20,"pandemic_D":0}
{"neg_sent":0.1595672057,"pos_sent":0.5430913561,"n":7899,"gender":1,"week_T":21,"pandemic_D":0}
{"neg_sent":0.1535609588,"pos_sent":0.5404599061,"n":8069,"gender":1,"week_T":22,"pandemic_D":0}
{"neg_sent":0.1495719651,"pos_sent":0.5523475708,"n":8207,"gender":1,"week_T":23,"pandemic_D":0}
{"neg_sent":0.1471582677,"pos_sent":0.5509151307,"n":8797,"gender":1,"week_T":24,"pandemic_D":0}
{"neg_sent":0.1444698253,"pos_sent":0.5616494384,"n":8864,"gender":1,"week_T":25,"pandemic_D":0}
{"neg_sent":0.1299112462,"pos_sent":0.5815570239,"n":9951,"gender":1,"week_T":26,"pandemic_D":0}
{"neg_sent":0.1316748602,"pos_sent":0.5820741614,"n":9427,"gender":1,"week_T":27,"pandemic_D":0}
{"neg_sent":0.1330078455,"pos_sent":0.5757776412,"n":10279,"gender":1,"week_T":28,"pandemic_D":0}
{"neg_sent":0.1285970298,"pos_sent":0.5808506133,"n":10017,"gender":1,"week_T":29,"pandemic_D":0}
{"neg_sent":0.1380653386,"pos_sent":0.5620684008,"n":9119,"gender":1,"week_T":30,"pandemic_D":0}
{"neg_sent":0.1426358519,"pos_sent":0.5596683418,"n":9746,"gender":1,"week_T":31,"pandemic_D":0}
{"neg_sent":0.1331976208,"pos_sent":0.5759663198,"n":10709,"gender":1,"week_T":32,"pandemic_D":0}
{"neg_sent":0.1296676693,"pos_sent":0.5789752965,"n":10581,"gender":1,"week_T":33,"pandemic_D":0}
{"neg_sent":0.1406981201,"pos_sent":0.5682691426,"n":9511,"gender":1,"week_T":34,"pandemic_D":0}
{"neg_sent":0.1320479796,"pos_sent":0.576063464,"n":11132,"gender":1,"week_T":35,"pandemic_D":0}
{"neg_sent":0.12618885,"pos_sent":0.5870174815,"n":11502,"gender":1,"week_T":36,"pandemic_D":0}
{"neg_sent":0.1473831492,"pos_sent":0.5567087591,"n":11025,"gender":1,"week_T":37,"pandemic_D":0}
{"neg_sent":0.1568669328,"pos_sent":0.5623997065,"n":8892,"gender":1,"week_T":38,"pandemic_D":0}
{"neg_sent":0.1487107618,"pos_sent":0.5655223446,"n":9883,"gender":1,"week_T":39,"pandemic_D":0}
{"neg_sent":0.163792457,"pos_sent":0.5499129955,"n":10339,"gender":1,"week_T":40,"pandemic_D":0}
{"neg_sent":0.1500408379,"pos_sent":0.5659566069,"n":9079,"gender":1,"week_T":41,"pandemic_D":0}
{"neg_sent":0.1687018642,"pos_sent":0.5422037986,"n":4871,"gender":1,"week_T":42,"pandemic_D":0}
{"neg_sent":0.1691285876,"pos_sent":0.550223211,"n":6846,"gender":1,"week_T":43,"pandemic_D":0}
{"neg_sent":0.1574464838,"pos_sent":0.5545612171,"n":9389,"gender":1,"week_T":44,"pandemic_D":0}
{"neg_sent":0.144412061,"pos_sent":0.5577742377,"n":9590,"gender":1,"week_T":45,"pandemic_D":0}
{"neg_sent":0.147650454,"pos_sent":0.5564100008,"n":9322,"gender":1,"week_T":46,"pandemic_D":0}
{"neg_sent":0.1489764054,"pos_sent":0.5526160595,"n":9948,"gender":1,"week_T":47,"pandemic_D":0}
{"neg_sent":0.1502716398,"pos_sent":0.551559275,"n":10527,"gender":1,"week_T":48,"pandemic_D":0}
{"neg_sent":0.1407464154,"pos_sent":0.5668036987,"n":10708,"gender":1,"week_T":49,"pandemic_D":0}
{"neg_sent":0.1451621627,"pos_sent":0.5658054667,"n":11142,"gender":1,"week_T":50,"pandemic_D":0}
{"neg_sent":0.1395533268,"pos_sent":0.5630695678,"n":11225,"gender":1,"week_T":51,"pandemic_D":0}
{"neg_sent":0.1547659118,"pos_sent":0.5456442288,"n":11766,"gender":1,"week_T":52,"pandemic_D":0}
{"neg_sent":0.1845074107,"pos_sent":0.478638747,"n":15680,"gender":1,"week_T":53,"pandemic_D":1}
{"neg_sent":0.1670741644,"pos_sent":0.51148924,"n":21765,"gender":1,"week_T":54,"pandemic_D":1}
{"neg_sent":0.1722951592,"pos_sent":0.4980609043,"n":17712,"gender":1,"week_T":55,"pandemic_D":1}
{"neg_sent":0.1679600495,"pos_sent":0.5171635118,"n":16130,"gender":1,"week_T":56,"pandemic_D":1}
{"neg_sent":0.1574126469,"pos_sent":0.5399565737,"n":13579,"gender":1,"week_T":57,"pandemic_D":1}
{"neg_sent":0.163947411,"pos_sent":0.5278218538,"n":13711,"gender":1,"week_T":58,"pandemic_D":1}
{"neg_sent":0.1619793047,"pos_sent":0.5346450006,"n":15406,"gender":1,"week_T":59,"pandemic_D":1}
{"neg_sent":0.15078908,"pos_sent":0.5456420564,"n":15184,"gender":1,"week_T":60,"pandemic_D":1}
{"neg_sent":0.1551207043,"pos_sent":0.5456813204,"n":14894,"gender":1,"week_T":61,"pandemic_D":1}
{"neg_sent":0.1547238878,"pos_sent":0.5395484809,"n":14327,"gender":1,"week_T":62,"pandemic_D":1}
{"neg_sent":0.1577959115,"pos_sent":0.5385695395,"n":14946,"gender":1,"week_T":63,"pandemic_D":1}
{"neg_sent":0.1928289132,"pos_sent":0.4918653729,"n":14293,"gender":1,"week_T":64,"pandemic_D":1}
{"neg_sent":0.2023020269,"pos_sent":0.4810402707,"n":14216,"gender":1,"week_T":65,"pandemic_D":1}
{"neg_sent":0.1844475465,"pos_sent":0.4973767077,"n":15446,"gender":1,"week_T":66,"pandemic_D":1}
{"neg_sent":0.1678153299,"pos_sent":0.5308487997,"n":16372,"gender":1,"week_T":67,"pandemic_D":1}
{"neg_sent":0.1719904776,"pos_sent":0.5215417348,"n":16489,"gender":1,"week_T":68,"pandemic_D":1}
{"neg_sent":0.1749451662,"pos_sent":0.528885692,"n":17043,"gender":1,"week_T":69,"pandemic_D":1}
{"neg_sent":0.1922751841,"pos_sent":0.4886507041,"n":16673,"gender":1,"week_T":70,"pandemic_D":1}
{"neg_sent":0.176088719,"pos_sent":0.5195867249,"n":16063,"gender":1,"week_T":71,"pandemic_D":1}
{"neg_sent":0.1813443576,"pos_sent":0.5069990869,"n":15537,"gender":1,"week_T":72,"pandemic_D":1}
{"neg_sent":0.173822698,"pos_sent":0.5157170819,"n":16065,"gender":1,"week_T":73,"pandemic_D":1}
{"neg_sent":0.1761274362,"pos_sent":0.5162105084,"n":15874,"gender":1,"week_T":74,"pandemic_D":1}
{"neg_sent":0.1884790688,"pos_sent":0.4975158741,"n":16316,"gender":1,"week_T":75,"pandemic_D":1}
{"neg_sent":0.1910408846,"pos_sent":0.4908650575,"n":15906,"gender":1,"week_T":76,"pandemic_D":1}
{"neg_sent":0.1841414611,"pos_sent":0.5041243321,"n":16049,"gender":1,"week_T":77,"pandemic_D":1}
{"neg_sent":0.1691043718,"pos_sent":0.5255624458,"n":16560,"gender":1,"week_T":78,"pandemic_D":1}
{"neg_sent":0.1859960728,"pos_sent":0.4939007455,"n":16870,"gender":1,"week_T":79,"pandemic_D":1}
{"neg_sent":0.1909555622,"pos_sent":0.5006743306,"n":18317,"gender":1,"week_T":80,"pandemic_D":1}
{"neg_sent":0.1895712898,"pos_sent":0.5126594724,"n":17991,"gender":1,"week_T":81,"pandemic_D":1}
{"neg_sent":0.2014374932,"pos_sent":0.4887106811,"n":19716,"gender":1,"week_T":82,"pandemic_D":1}
{"neg_sent":0.1956837301,