{"neg_sent":0.1891684349,"pos_sent":0.4000026259,"n":7260,"gender":0,"week_T":1,"pandemic_D":0}
{"neg_sent":0.1790830919,"pos_sent":0.4236741116,"n":7466,"gender":0,"week_T":2,"pandemic_D":0}
{"neg_sent":0.170801386,"pos_sent":0.4388952983,"n":7011,"gender":0,"week_T":3,"pandemic_D":0}
{"neg_sent":0.1800764757,"pos_sent":0.4099466946,"n":7653,"gender":0,"week_T":4,"pandemic_D":0}
{"neg_sent":0.1785280794,"pos_sent":0.4249188637,"n":7672,"gender":0,"week_T":5,"pandemic_D":0}
{"neg_sent":0.1808608765,"pos_sent":0.4147377234,"n":6431,"gender":0,"week_T":6,"pandemic_D":0}
{"neg_sent":0.1787292399,"pos_sent":0.4111631212,"n":6837,"gender":0,"week_T":7,"pandemic_D":0}
{"neg_sent":0.1820735103,"pos_sent":0.4224615408,"n":7522,"gender":0,"week_T":8,"pandemic_D":0}
{"neg_sent":0.1727508232,"pos_sent":0.4320574755,"n":7360,"gender":0,"week_T":9,"pandemic_D":0}
{"neg_sent":0.174935039,"pos_sent":0.4284021717,"n":7646,"gender":0,"week_T":10,"pandemic_D":0}
{"neg_sent":0.1802115843,"pos_sent":0.4174811283,"n":8102,"gender":0,"week_T":11,"pandemic_D":0}
{"neg_sent":0.1841974988,"pos_sent":0.4163184184,"n":7633,"gender":0,"week_T":12,"pandemic_D":0}
{"neg_sent":0.1742723,"pos_sent":0.4332934368,"n":8087,"gender":0,"week_T":13,"pandemic_D":0}
{"neg_sent":0.1700609782,"pos_sent":0.43794658,"n":7999,"gender":0,"week_T":14,"pandemic_D":0}
{"neg_sent":0.1730642782,"pos_sent":0.4353447688,"n":7773,"gender":0,"week_T":15,"pandemic_D":0}
{"neg_sent":0.1767848356,"pos_sent":0.4288379399,"n":8211,"gender":0,"week_T":16,"pandemic_D":0}
{"neg_sent":0.178698186,"pos_sent":0.4322614053,"n":7906,"gender":0,"week_T":17,"pandemic_D":0}
{"neg_sent":0.1711424006,"pos_sent":0.4382691954,"n":8246,"gender":0,"week_T":18,"pandemic_D":0}
{"neg_sent":0.1794630423,"pos_sent":0.433332279,"n":8469,"gender":0,"week_T":19,"pandemic_D":0}
{"neg_sent":0.1915916348,"pos_sent":0.4088128887,"n":8168,"gender":0,"week_T":20,"pandemic_D":0}
{"neg_sent":0.2032045236,"pos_sent":0.398582066,"n":8402,"gender":0,"week_T":21,"pandemic_D":0}
{"neg_sent":0.197851275,"pos_sent":0.4037729783,"n":8138,"gender":0,"week_T":22,"pandemic_D":0}
{"neg_sent":0.1988158655,"pos_sent":0.4021162587,"n":7361,"gender":0,"week_T":23,"pandemic_D":0}
{"neg_sent":0.1771436318,"pos_sent":0.4189478831,"n":8137,"gender":0,"week_T":24,"pandemic_D":0}
{"neg_sent":0.1862862264,"pos_sent":0.408800212,"n":8258,"gender":0,"week_T":25,"pandemic_D":0}
{"neg_sent":0.1783395796,"pos_sent":0.4205222103,"n":8618,"gender":0,"week_T":26,"pandemic_D":0}
{"neg_sent":0.1841180892,"pos_sent":0.4114270127,"n":8534,"gender":0,"week_T":27,"pandemic_D":0}
{"neg_sent":0.1823723388,"pos_sent":0.4227888591,"n":9160,"gender":0,"week_T":28,"pandemic_D":0}
{"neg_sent":0.1901314502,"pos_sent":0.4083084804,"n":8631,"gender":0,"week_T":29,"pandemic_D":0}
{"neg_sent":0.1884037336,"pos_sent":0.409291642,"n":8237,"gender":0,"week_T":30,"pandemic_D":0}
{"neg_sent":0.1939149351,"pos_sent":0.406294372,"n":8695,"gender":0,"week_T":31,"pandemic_D":0}
{"neg_sent":0.1922709621,"pos_sent":0.3948942283,"n":9019,"gender":0,"week_T":32,"pandemic_D":0}
{"neg_sent":0.1799401937,"pos_sent":0.4151411718,"n":9048,"gender":0,"week_T":33,"pandemic_D":0}
{"neg_sent":0.1816458101,"pos_sent":0.4199355545,"n":8939,"gender":0,"week_T":34,"pandemic_D":0}
{"neg_sent":0.1812255022,"pos_sent":0.4113226818,"n":9766,"gender":0,"week_T":35,"pandemic_D":0}
{"neg_sent":0.194715473,"pos_sent":0.4132695288,"n":9033,"gender":0,"week_T":36,"pandemic_D":0}
{"neg_sent":0.1817267328,"pos_sent":0.4294648541,"n":9455,"gender":0,"week_T":37,"pandemic_D":0}
{"neg_sent":0.18909271,"pos_sent":0.4222768262,"n":8353,"gender":0,"week_T":38,"pandemic_D":0}
{"neg_sent":0.1864784844,"pos_sent":0.426000837,"n":8727,"gender":0,"week_T":39,"pandemic_D":0}
{"neg_sent":0.1999593352,"pos_sent":0.4066588997,"n":9249,"gender":0,"week_T":40,"pandemic_D":0}
{"neg_sent":0.1957176368,"pos_sent":0.4225762203,"n":9032,"gender":0,"week_T":41,"pandemic_D":0}
{"neg_sent":0.203495228,"pos_sent":0.410607131,"n":5294,"gender":0,"week_T":42,"pandemic_D":0}
{"neg_sent":0.190901631,"pos_sent":0.4258677303,"n":7011,"gender":0,"week_T":43,"pandemic_D":0}
{"neg_sent":0.1857338168,"pos_sent":0.4082996003,"n":8448,"gender":0,"week_T":44,"pandemic_D":0}
{"neg_sent":0.1867746176,"pos_sent":0.4206108936,"n":8885,"gender":0,"week_T":45,"pandemic_D":0}
{"neg_sent":0.1911049664,"pos_sent":0.4037944839,"n":9244,"gender":0,"week_T":46,"pandemic_D":0}
{"neg_sent":0.2071548934,"pos_sent":0.3886513728,"n":9999,"gender":0,"week_T":47,"pandemic_D":0}
{"neg_sent":0.2025324737,"pos_sent":0.396310124,"n":10001,"gender":0,"week_T":48,"pandemic_D":0}
{"neg_sent":0.1824007493,"pos_sent":0.4202604987,"n":9983,"gender":0,"week_T":49,"pandemic_D":0}
{"neg_sent":0.1880763216,"pos_sent":0.4138454133,"n":9887,"gender":0,"week_T":50,"pandemic_D":0}
{"neg_sent":0.1939184244,"pos_sent":0.4050390771,"n":10319,"gender":0,"week_T":51,"pandemic_D":0}
{"neg_sent":0.2090675941,"pos_sent":0.3865332516,"n":10524,"gender":0,"week_T":52,"pandemic_D":0}
{"neg_sent":0.2354590659,"pos_sent":0.3487698294,"n":14181,"gender":0,"week_T":53,"pandemic_D":1}
{"neg_sent":0.2128335096,"pos_sent":0.3847421022,"n":17184,"gender":0,"week_T":54,"pandemic_D":1}
{"neg_sent":0.2216673623,"pos_sent":0.3717415598,"n":15952,"gender":0,"week_T":55,"pandemic_D":1}
{"neg_sent":0.209501811,"pos_sent":0.3845827573,"n":15100,"gender":0,"week_T":56,"pandemic_D":1}
{"neg_sent":0.2104015422,"pos_sent":0.3758526787,"n":14146,"gender":0,"week_T":57,"pandemic_D":1}
{"neg_sent":0.2169603603,"pos_sent":0.3621885102,"n":13635,"gender":0,"week_T":58,"pandemic_D":1}
{"neg_sent":0.2071287317,"pos_sent":0.3871635303,"n":14163,"gender":0,"week_T":59,"pandemic_D":1}
{"neg_sent":0.2043377697,"pos_sent":0.3933080058,"n":13415,"gender":0,"week_T":60,"pandemic_D":1}
{"neg_sent":0.2065124147,"pos_sent":0.3905775659,"n":14150,"gender":0,"week_T":61,"pandemic_D":1}
{"neg_sent":0.2093737406,"pos_sent":0.3784642483,"n":13347,"gender":0,"week_T":62,"pandemic_D":1}
{"neg_sent":0.2044125957,"pos_sent":0.3914124466,"n":13837,"gender":0,"week_T":63,"pandemic_D":1}
{"neg_sent":0.2474503863,"pos_sent":0.3486072379,"n":14015,"gender":0,"week_T":64,"pandemic_D":1}
{"neg_sent":0.2650143728,"pos_sent":0.3319438004,"n":13288,"gender":0,"week_T":65,"pandemic_D":1}
{"neg_sent":0.234111973,"pos_sent":0.3654391793,"n":13587,"gender":0,"week_T":66,"pandemic_D":1}
{"neg_sent":0.2173364462,"pos_sent":0.3829883464,"n":14597,"gender":0,"week_T":67,"pandemic_D":1}
{"neg_sent":0.2173566069,"pos_sent":0.3870460642,"n":14355,"gender":0,"week_T":68,"pandemic_D":1}
{"neg_sent":0.2178532194,"pos_sent":0.3856940553,"n":14125,"gender":0,"week_T":69,"pandemic_D":1}
{"neg_sent":0.2444844504,"pos_sent":0.3458970349,"n":14281,"gender":0,"week_T":70,"pandemic_D":1}
{"neg_sent":0.2189054156,"pos_sent":0.3732933756,"n":14038,"gender":0,"week_T":71,"pandemic_D":1}
{"neg_sent":0.2258967709,"pos_sent":0.3725504061,"n":13435,"gender":0,"week_T":72,"pandemic_D":1}
{"neg_sent":0.2174618181,"pos_sent":0.3847675517,"n":13791,"gender":0,"week_T":73,"pandemic_D":1}
{"neg_sent":0.2180005286,"pos_sent":0.3742758116,"n":13791,"gender":0,"week_T":74,"pandemic_D":1}
{"neg_sent":0.2359487209,"pos_sent":0.3618027809,"n":14638,"gender":0,"week_T":75,"pandemic_D":1}
{"neg_sent":0.2239704985,"pos_sent":0.3705846203,"n":14305,"gender":0,"week_T":76,"pandemic_D":1}
{"neg_sent":0.2400042463,"pos_sent":0.3651032326,"n":14559,"gender":0,"week_T":77,"pandemic_D":1}
{"neg_sent":0.2257433268,"pos_sent":0.3812667027,"n":14558,"gender":0,"week_T":78,"pandemic_D":1}
{"neg_sent":0.2359736214,"pos_sent":0.3628842261,"n":14661,"gender":0,"week_T":79,"pandemic_D":1}
{"neg_sent":0.2310840145,"pos_sent":0.3682443901,"n":15102,"gender":0,"week_T":80,"pandemic_D":1}
{"neg_sent":0.2413811595,"pos_sent":0.3583670112,"n":15904,"gender":0,"week_T":81,"pandemic_D":1}
{"neg_sent":0.2560555678,"pos_sent":0.340427114,"n":16990,"gender":0,"week_T":82,"pandemic_D":1}
{"neg_sent":0.2486934055,